{"attack": {"2560883": {"cycles": {"best_k": 2, "best_silhouette_score": 0.8109135083780111, "other_silhouette_scores": [[2, 0.8109135083780111], [6, 0.6986009161339181], [3, 0.6895444431156957], [5, 0.6879147983382412], [7, 0.6865024322211437], [8, 0.6820352728061742], [9, 0.6785731747594133], [10, 0.6763562977230674], [13, 0.6587339084983771], [11, 0.6525569655203892], [12, 0.6460868659419268], [14, 0.6332320809533513], [4, 0.6213899603846713]]}, "instructions": {"best_k": 11, "best_silhouette_score": 0.7857841071916523, "other_silhouette_scores": [[11, 0.7857841071916523], [10, 0.7799671716577355], [2, 0.7695226001466183], [9, 0.7127980292133309], [6, 0.7090370735899176], [8, 0.7077803487335651], [7, 0.7066113992009834], [4, 0.6838222579238009], [5, 0.6796430162159062], [3, 0.6616525682386915]]}, "branch": {"best_k": 12, "best_silhouette_score": 0.8474292398217504, "other_silhouette_scores": [[12, 0.8474292398217504], [13, 0.8257904843851013], [11, 0.8178947011876306], [2, 0.7936423133170305], [10, 0.7570001172249324], [4, 0.7433272646121516], [3, 0.7329417595598509], [5, 0.7202256311690075], [9, 0.7175807371836598], [7, 0.7094448688307083], [8, 0.7091743843718484], [6, 0.6959164793885053]]}}}, "normal": {"2585419": {"cycles": {"best_k": 25, "best_silhouette_score": 0.9487810019841271, "other_silhouette_scores": [[25, 0.9487810019841271], [24, 0.9320113133394383], [23, 0.9156422657203906], [22, 0.8548356154740853], [19, 0.8465820189974326], [21, 0.8460451961233212], [18, 0.8423830591749482], [17, 0.8317837265660923], [20, 0.8278655721148614], [16, 0.7796434269487708], [15, 0.751015118610412], [2, 0.736377220761705], [14, 0.7046070710827431], [12, 0.6978802607600664], [11, 0.6960384727046743], [13, 0.6957669440353997], [9, 0.6646738142514541], [8, 0.6595590205178166], [7, 0.6594908211874764], [10, 0.6594293892995436], [3, 0.6592262368667231], [6, 0.6289082216288513], [5, 0.5988165740102527], [4, 0.5729539553654608]]}, "instructions": {"best_k": 13, "best_silhouette_score": 0.9513713080168776, "other_silhouette_scores": [[13, 0.9513713080168776], [11, 0.9310241160238476], [12, 0.9301235684147078], [10, 0.9058154567680416], [9, 0.9025183992385344], [2, 0.7771491366301128], [8, 0.7713050617887043], [7, 0.715926915363007], [3, 0.7094733912424133], [6, 0.6752440298152481], [5, 0.6687142154120198], [4, 0.6221969939988378]]}, "branch": {"best_k": 2, "best_silhouette_score": 0.9084291194543173, "other_silhouette_scores": [[2, 0.9084291194543173], [10, 0.7516039897011908], [9, 0.7422431666862227], [8, 0.6914120865500296], [5, 0.672566461281332], [6, 0.6722899302750877], [4, 0.6690385550418472], [7, 0.6688159734868788], [3, 0.6534998986877487]]}}}}