{"attack": {"cycles": {"best_k": 6, "best_silhouette_score": 0.9855072463768116, "other_silhouette_scores": [[6, 0.9855072463768116], [7, 0.9855072463768116], [8, 0.9855072463768116], [9, 0.9855072463768116], [10, 0.9855072463768116], [5, 0.9782608695652174], [4, 0.8682054215807076], [3, 0.7295011782005425], [2, 0.702535088923964]]}, "branch": {"best_k": -1.0, "best_silhouette_score": -1.0, "other_silhouette_scores": []}, "instructions": {"best_k": 4, "best_silhouette_score": 0.9782608695652174, "other_silhouette_scores": [[4, 0.9782608695652174], [3, 0.967391304347826], [2, 0.8368223295759528]]}}, "normal": {"cycles": {"best_k": 2, "best_silhouette_score": 0.8837832878019802, "other_silhouette_scores": [[2, 0.8837832878019802], [6, 0.7709958276682993], [5, 0.7508000648364305], [3, 0.70480446871941], [4, 0.6571572101502497]]}, "branch": {"best_k": 2, "best_silhouette_score": 0.8225823672273478, "other_silhouette_scores": [[2, 0.8225823672273478], [3, 0.6555147765279578], [4, 0.6525682493048569]]}, "instructions": {"best_k": 2, "best_silhouette_score": 0.8116034705278236, "other_silhouette_scores": [[2, 0.8116034705278236], [4, 0.6786024706001014], [3, 0.6733202164195863]]}}}