{"attack": {"2-39-139-28": {"cycles": {"best_k": 5, "best_silhouette_score": 0.9957081545064378, "other_silhouette_scores": [[5, 0.9957081545064378], [6, 0.9957081545064378], [7, 0.9957081545064378], [8, 0.9957081545064378], [9, 0.9957081545064378], [10, 0.9957081545064378], [11, 0.9957081545064378], [12, 0.9957081545064378], [13, 0.9957081545064378], [14, 0.9957081545064378], [15, 0.9957081545064378], [16, 0.9957081545064378], [17, 0.9957081545064378], [18, 0.9957081545064378], [19, 0.9957081545064378], [20, 0.9957081545064378], [21, 0.9957081545064378], [22, 0.9957081545064378], [23, 0.9957081545064378], [24, 0.9957081545064378], [25, 0.9957081545064378], [26, 0.9957081545064378], [27, 0.9957081545064378], [28, 0.9957081545064378], [29, 0.9957081545064378], [30, 0.9957081545064378], [31, 0.9957081545064378], [32, 0.9957081545064378], [33, 0.9957081545064378], [34, 0.9957081545064378], [35, 0.9957081545064378], [36, 0.9957081545064378], [37, 0.9957081545064378], [38, 0.9957081545064378], [39, 0.9957081545064378], [40, 0.9957081545064378], [41, 0.9957081545064378], [42, 0.9957081545064378], [43, 0.9957081545064378], [44, 0.9957081545064378], [45, 0.9957081545064378], [46, 0.9957081545064378], [47, 0.9957081545064378], [48, 0.9957081545064378], [49, 0.9957081545064378], [50, 0.9957081545064378], [51, 0.9957081545064378], [52, 0.9957081545064378], [53, 0.9957081545064378], [54, 0.9957081545064378], [55, 0.9957081545064378], [56, 0.9957081545064378], [57, 0.9957081545064378], [58, 0.9957081545064378], [59, 0.9957081545064378], [60, 0.9957081545064378], [61, 0.9957081545064378], [62, 0.9957081545064378], [63, 0.9957081545064378], [4, 0.9849785407725322], [3, 0.9774678111587983], [2, 0.9313009514726253]]}, "instructions": {"best_k": 3, "best_silhouette_score": 0.9894366197183099, "other_silhouette_scores": [[3, 0.9894366197183099], [4, 0.9859154929577465], [5, 0.9859154929577465], [6, 0.9859154929577465], [7, 0.9859154929577465], [8, 0.9859154929577465], [9, 0.9859154929577465], [10, 0.9859154929577465], [11, 0.9859154929577465], [12, 0.9859154929577465], [13, 0.9859154929577465], [14, 0.9859154929577465], [15, 0.9859154929577465], [16, 0.9859154929577465], [17, 0.9859154929577465], [18, 0.9859154929577465], [19, 0.9859154929577465], [20, 0.9859154929577465], [21, 0.9859154929577465], [22, 0.9859154929577465], [23, 0.9859154929577465], [24, 0.9859154929577465], [25, 0.9859154929577465], [26, 0.9859154929577465], [27, 0.9859154929577465], [28, 0.9859154929577465], [29, 0.9859154929577465], [30, 0.9859154929577465], [31, 0.9859154929577465], [32, 0.9859154929577465], [2, 0.9713908450704225]]}, "branch": {"best_k": 2, "best_silhouette_score": 0.9218160090123004, "other_silhouette_scores": [[2, 0.9218160090123004]]}}, "2-39-89-25": {"cycles": {"best_k": 7, "best_silhouette_score": 0.9919786096256684, "other_silhouette_scores": [[7, 0.9919786096256684], [8, 0.9893048128342246], [9, 0.9893048128342246], [10, 0.9893048128342246], [11, 0.9893048128342246], [12, 0.9893048128342246], [13, 0.9893048128342246], [14, 0.9893048128342246], [6, 0.9766920542321612], [5, 0.9646507495772201], [4, 0.9373070925752846], [3, 0.7968607072034389], [2, 0.7524348087943828]]}, "instructions": {"best_k": 5, "best_silhouette_score": 0.9846153846153847, "other_silhouette_scores": [[5, 0.9846153846153847], [6, 0.9846153846153847], [4, 0.9807692307692307], [3, 0.9215811965811966], [2, 0.8890109890109891]]}, "branch": {"best_k": 5, "best_silhouette_score": 0.9932432432432432, "other_silhouette_scores": [[5, 0.9932432432432432], [6, 0.9932432432432432], [7, 0.9932432432432432], [8, 0.9932432432432432], [4, 0.975868725868726], [2, 0.9438381407559486], [3, 0.9074938574938575]]}}, "2-39-131-30": {"cycles": {"best_k": 8, "best_silhouette_score": 0.9931972789115646, "other_silhouette_scores": [[8, 0.9931972789115646], [9, 0.9931972789115646], [10, 0.9931972789115646], [11, 0.9931972789115646], [12, 0.9931972789115646], [13, 0.9931972789115646], [14, 0.9931972789115646], [15, 0.9931972789115646], [7, 0.9897959183673469], [6, 0.9758989310009718], [5, 0.9667108401802279], [4, 0.9228513249500541], [2, 0.7920550142556191], [3, 0.7109088658472219]]}, "instructions": {"best_k": 5, "best_silhouette_score": 0.9907407407407407, "other_silhouette_scores": [[5, 0.9907407407407407], [6, 0.9907407407407407], [7, 0.9907407407407407], [8, 0.9907407407407407], [9, 0.9907407407407407], [10, 0.9907407407407407], [4, 0.9861111111111112], [3, 0.9487654320987654], [2, 0.8207407407407409]]}, "branch": {"best_k": 7, "best_silhouette_score": 0.983739837398374, "other_silhouette_scores": [[7, 0.983739837398374], [6, 0.9642276422764228], [4, 0.9180719291759478], [5, 0.910956252419667], [2, 0.8909282574805433], [3, 0.7048878507563966]]}}}, "normal": {"2-39-89-25": {"cycles": {"best_k": 2, "best_silhouette_score": 0.9149186248297706, "other_silhouette_scores": [[2, 0.9149186248297706], [9, 0.8510518862727842], [8, 0.8144505938580165], [7, 0.7335023484887133], [6, 0.6987985513317901], [5, 0.6561552831497864], [3, 0.6064929221787485], [4, 0.5814245192997155]]}, "instructions": {"best_k": 2, "best_silhouette_score": 0.8555467556705922, "other_silhouette_scores": [[2, 0.8555467556705922], [7, 0.8517830406135238], [6, 0.7421248398857422], [3, 0.7040797897103346], [4, 0.6898896505236392], [5, 0.6832786549400618]]}, "branch": {"best_k": 2, "best_silhouette_score": 0.8991286578680493, "other_silhouette_scores": [[2, 0.8991286578680493], [3, 0.7514785537767487], [4, 0.7275946515701818], [8, 0.693399169605596], [7, 0.6772231101997376], [6, 0.6699062402510808], [5, 0.6668859669442257]]}}, "2-39-139-28": {"cycles": {"best_k": 4, "best_silhouette_score": 0.9959349593495935, "other_silhouette_scores": [[4, 0.9959349593495935], [5, 0.9959349593495935], [6, 0.9959349593495935], [7, 0.9959349593495935], [8, 0.9959349593495935], [9, 0.9959349593495935], [10, 0.9959349593495935], [11, 0.9959349593495935], [12, 0.9959349593495935], [13, 0.9959349593495935], [14, 0.9959349593495935], [15, 0.9959349593495935], [16, 0.9959349593495935], [17, 0.9959349593495935], [18, 0.9959349593495935], [19, 0.9959349593495935], [20, 0.9959349593495935], [21, 0.9959349593495935], [22, 0.9959349593495935], [23, 0.9959349593495935], [24, 0.9959349593495935], [25, 0.9959349593495935], [26, 0.9959349593495935], [27, 0.9959349593495935], [28, 0.9959349593495935], [29, 0.9959349593495935], [30, 0.9959349593495935], [31, 0.9959349593495935], [32, 0.9959349593495935], [33, 0.9959349593495935], [34, 0.9959349593495935], [35, 0.9959349593495935], [36, 0.9959349593495935], [37, 0.9959349593495935], [3, 0.9939024390243902], [2, 0.9642386288727752]]}, "instructions": {"best_k": 3, "best_silhouette_score": 0.9939024390243902, "other_silhouette_scores": [[3, 0.9939024390243902], [4, 0.9939024390243902], [5, 0.9939024390243902], [6, 0.9939024390243902], [2, 0.9732196627521831]]}, "branch": {"best_k": 3, "best_silhouette_score": 0.9934640522875817, "other_silhouette_scores": [[3, 0.9934640522875817], [4, 0.9934640522875817], [5, 0.9934640522875817], [6, 0.9934640522875817], [7, 0.9934640522875817], [8, 0.9934640522875817], [9, 0.9934640522875817], [2, 0.9754901960784313]]}}, "2-39-131-30": {"cycles": {"best_k": 13, "best_silhouette_score": 0.9544541626174279, "other_silhouette_scores": [[13, 0.9544541626174279], [11, 0.9485826287330046], [12, 0.938758067329496], [10, 0.8857384434398398], [9, 0.8809124732774171], [8, 0.8352583847752086], [2, 0.7891919093234254], [7, 0.7383196092650045], [6, 0.6797939907898164], [3, 0.6782819609194455], [5, 0.6776871787452035], [4, 0.6382545988244965]]}, "instructions": {"best_k": 8, "best_silhouette_score": 0.980575980392157,