{"attack": {"cycles": {"best_k": 3, "best_silhouette_score": 0.8508137432188062, "other_silhouette_scores": [[3, 0.8508137432188062], [2, 0.7954019174612693]]}, "branch": {"best_k": -1.0, "best_silhouette_score": -1.0, "other_silhouette_scores": []}, "instructions": {"best_k": 4, "best_silhouette_score": 0.9772727272727273, "other_silhouette_scores": [[4, 0.9772727272727273], [3, 0.8636363636363636], [2, 0.7256381776118618]]}}, "normal": {"cycles": {"best_k": 3, "best_silhouette_score": 0.9823529411764705, "other_silhouette_scores": [[3, 0.9823529411764705], [2, 0.9228969006957622]]}, "branch": {"best_k": 3, "best_silhouette_score": 0.9827586206896551, "other_silhouette_scores": [[3, 0.9827586206896551], [4, 0.9827586206896551], [2, 0.9446839080459768]]}, "instructions": {"best_k": 2, "best_silhouette_score": 0.9761904761904762, "other_silhouette_scores": [[2, 0.9761904761904762]]}}}