{"attack": {"2-39-139-28": {"cycles": {"best_k": 6, "best_silhouette_score": 0.9940119760479041, "other_silhouette_scores": [[6, 0.9940119760479041], [7, 0.9940119760479041], [8, 0.9940119760479041], [9, 0.9940119760479041], [10, 0.9940119760479041], [11, 0.9940119760479041], [12, 0.9940119760479041], [13, 0.9940119760479041], [5, 0.9910179640718563], [4, 0.9705204974666054], [3, 0.8862719006431582], [2, 0.7393532572423334]]}, "instructions": {"best_k": 5, "best_silhouette_score": 0.9857142857142858, "other_silhouette_scores": [[5, 0.9857142857142858], [6, 0.9857142857142858], [7, 0.9857142857142858], [8, 0.9857142857142858], [4, 0.9821428571428571], [3, 0.9106684981684983], [2, 0.8744865870876654]]}, "branch": {"best_k": 2, "best_silhouette_score": 0.9389154331263054, "other_silhouette_scores": [[2, 0.9389154331263054], [3, 0.7892720081453634]]}}, "2-39-89-25": {"cycles": {"best_k": 5, "best_silhouette_score": 0.9940828402366864, "other_silhouette_scores": [[5, 0.9940828402366864], [6, 0.9940828402366864], [7, 0.9940828402366864], [8, 0.9940828402366864], [9, 0.9940828402366864], [10, 0.9940828402366864], [11, 0.9940828402366864], [12, 0.9940828402366864], [13, 0.9940828402366864], [4, 0.977810650887574], [3, 0.964838416021848], [2, 0.8560775102759834]]}, "instructions": {"best_k": 4, "best_silhouette_score": 0.9924812030075187, "other_silhouette_scores": [[4, 0.9924812030075187], [5, 0.9924812030075187], [6, 0.9924812030075187], [7, 0.9924812030075187], [8, 0.9924812030075187], [9, 0.9924812030075187], [10, 0.9924812030075187], [11, 0.9924812030075187], [12, 0.9924812030075187], [13, 0.9924812030075187], [14, 0.9924812030075187], [15, 0.9924812030075187], [16, 0.9924812030075187], [17, 0.9924812030075187], [18, 0.9924812030075187], [19, 0.9924812030075187], [20, 0.9924812030075187], [21, 0.9924812030075187], [22, 0.9924812030075187], [23, 0.9924812030075187], [24, 0.9924812030075187], [25, 0.9924812030075187], [26, 0.9924812030075187], [27, 0.9924812030075187], [28, 0.9924812030075187], [29, 0.9924812030075187], [30, 0.9924812030075187], [31, 0.9924812030075187], [32, 0.9924812030075187], [33, 0.9924812030075187], [34, 0.9924812030075187], [35, 0.9924812030075187], [36, 0.9924812030075187], [37, 0.9924812030075187], [38, 0.9924812030075187], [39, 0.9924812030075187], [40, 0.9924812030075187], [41, 0.9924812030075187], [42, 0.9924812030075187], [43, 0.9924812030075187], [44, 0.9924812030075187], [45, 0.9924812030075187], [46, 0.9924812030075187], [47, 0.9924812030075187], [3, 0.9887218045112782], [2, 0.9589399029488614]]}, "branch": {"best_k": 3, "best_silhouette_score": 0.9526025835866262, "other_silhouette_scores": [[3, 0.9526025835866262], [2, 0.9301060267857143]]}}, "2-39-131-30": {"cycles": {"best_k": 7, "best_silhouette_score": 0.9951690821256038, "other_silhouette_scores": [[7, 0.9951690821256038], [8, 0.9951690821256038], [9, 0.9951690821256038], [10, 0.9951690821256038], [11, 0.9951690821256038], [12, 0.9951690821256038], [13, 0.9951690821256038], [14, 0.9951690821256038], [15, 0.9951690821256038], [16, 0.9951690821256038], [17, 0.9951690821256038], [18, 0.9951690821256038], [19, 0.9951690821256038], [20, 0.9951690821256038], [21, 0.9951690821256038], [22, 0.9951690821256038], [23, 0.9951690821256038], [24, 0.9951690821256038], [25, 0.9951690821256038], [26, 0.9951690821256038], [27, 0.9951690821256038], [28, 0.9951690821256038], [29, 0.9951690821256038], [30, 0.9951690821256038], [31, 0.9951690821256038], [32, 0.9951690821256038], [6, 0.9927536231884058], [5, 0.9705753184014053], [4, 0.9412994730840916], [3, 0.8542542209544751], [2, 0.7343484876768219]]}, "instructions": {"best_k": 4, "best_silhouette_score": 0.9796747967479674, "other_silhouette_scores": [[4, 0.9796747967479674], [3, 0.937565144882218], [2, 0.9024390243902439]]}, "branch": {"best_k": -1.0, "best_silhouette_score": -1.0, "other_silhouette_scores": []}}}, "normal": {"2-39-131-30": {"cycles": {"best_k": 5, "best_silhouette_score": 1.0, "other_silhouette_scores": [[5, 1.0], [6, 1.0], [7, 1.0], [8, 1.0], [9, 1.0], [10, 1.0], [11, 1.0], [12, 1.0], [13, 1.0], [14, 1.0], [15, 1.0], [16, 1.0], [17, 1.0], [4, 0.9887850467289719], [3, 0.9607843137254902], [2, 0.872598650051921]]}, "instructions": {"best_k": 3, "best_silhouette_score": 0.9935897435897436, "other_silhouette_scores": [[3, 0.9935897435897436], [4, 0.9935897435897436], [5, 0.9935897435897436], [6, 0.9935897435897436], [7, 0.9935897435897436], [8, 0.9935897435897436], [9, 0.9935897435897436], [10, 0.9935897435897436], [11, 0.9935897435897436], [12, 0.9935897435897436], [13, 0.9935897435897436], [14, 0.9935897435897436], [2, 0.9903846153846154]]}, "branch": {"best_k": 4, "best_silhouette_score": 0.9935483870967742, "other_silhouette_scores": [[4, 0.9935483870967742], [5, 0.9935483870967742], [6, 0.9935483870967742], [7, 0.9935483870967742], [8, 0.9935483870967742], [9, 0.9935483870967742], [10, 0.9935483870967742], [11, 0.9935483870967742], [12, 0.9935483870967742], [13, 0.9935483870967742], [14, 0.9935483870967742], [15, 0.9935483870967742], [3, 0.9755760368663595], [2, 0.955347529692881]]}}, "2-39-139-28": {"cycles": {"best_k": 3, "best_silhouette_score": 0.995575221238938, "other_silhouette_scores": [[3, 0.995575221238938], [4, 0.995575221238938], [5, 0.995575221238938], [6, 0.995575221238938], [7, 0.995575221238938], [8, 0.995575221238938], [9, 0.995575221238938], [10, 0.995575221238938], [11, 0.995575221238938], [12, 0.995575221238938], [13, 0.995575221238938], [14, 0.995575221238938], [15, 0.995575221238938], [16, 0.995575221238938], [17, 0.995575221238938], [18, 0.995575221238938], [19, 0.995575221238938], [20, 0.995575221238938], [21, 0.995575221238938], [22, 0.995575221238938], [23, 0.995575221238938], [24, 0.995575221238938], [25, 0.995575221238938], [26, 0.995575221238938], [27, 0.995575221238938], [28, 0.995575221238938], [29, 0.995575221238938], [30, 0.995575221238938], [31, 0.995575221238938], [2, 0.9933628318584071]]}, "instructions": {"best_k": 2, "best_silhouette_score": 0.9917127071823204, "other_silhouette_scores": [[2, 0.9917127071823204]]}, "branch": {"best_k": 3, "best_silhouette_score": 0.9946236559139785, "other_silhouette_scores": [[3, 0.9946236559139785], [2, 0.9853173211781208]]}}, "2-39-89-25": {"cycles": {"best_k": 3, "best_silhouette_score": 0.9942528735632183, "other_silhouette_scores": [[3, 0.9942528735632183], [4, 0.9942528735632183], [5, 0.9942528735632183], [6, 0.9942528735632183], [7, 0.9942528735632183], [8, 0.9942528735632183], [9, 0.9942528735632183], [10, 0.9942528735632183], [11, 0.9942528735632183], [12, 0.9942528735632183], [13, 0.9942528735632183], [14, 0.9942528735632183], [15, 0.9942528735632183], [16, 0.9942528735632183], [17, 0.9942528735632183], [18, 0.9942528735632183], [19, 0.9942528735632183], [20, 0.9942528735632183], [21, 0.9942528735632183], [22, 0.9942528735632183], [23, 0.9942528735632183], [24, 0.9942528735632183], [25, 0.9942528735632183], [26, 0.9942528735632183], [27, 0.9942528735632183], [28, 0.9942528735632183], [29, 0.9942528735632183], [30, 0.9942528735632183], [31, 0.9942528735632183], [32, 0.9942528735632183], [33, 0.9942528735632183], [34, 0.9942528735632183], [35, 0.9942528735632183], [2, 0.9913793103448276]]}, "instructions": {"best_k": 2, "best_silhouette_score": 1.0, "other_silhouette_scores": [[2, 1.0], [3, 1.0], [4, 1.0], [5, 1.0], [6, 1.0]]}, "branch": {"best_k": 3, "best_silhouette_score": 0.9932885906040269, "other_silhouette_scores": [[3, 0.9932885906040269], [4, 0.9932885906040269], [5, 0.9932885906040269], [6, 0.9932885906040269], [7, 0.9932885906040269], [8, 0.9932885906040269], [2, 0.9899328859060402]]}}}}