{"attack": {"1933547": {"cycles": {"best_k": 2, "best_silhouette_score": 0.8306398551202075, "other_silhouette_scores": [[2, 0.8306398551202075], [13, 0.6808551403504692], [7, 0.672425545256087], [6, 0.6696030673159481], [5, 0.6552151483146547], [8, 0.6536337234424721], [12, 0.6518776734254238], [14, 0.6502977904187855], [9, 0.6402550364897953], [11, 0.6386015110383524], [10, 0.6309884014355748], [3, 0.6069631226946814], [4, 0.603597690809682]]}, "instructions": {"best_k": 2, "best_silhouette_score": 0.9091321157516858, "other_silhouette_scores": [[2, 0.9091321157516858], [10, 0.7467869082692796], [9, 0.7192965157704189], [7, 0.7104524082594416], [4, 0.7104297581562795], [8, 0.7016067534994018], [6, 0.7014892698872334], [5, 0.6780460811959357], [3, 0.6495265858041116]]}, "branch": {"best_k": 2, "best_silhouette_score": 0.9410477440862786, "other_silhouette_scores": [[2, 0.9410477440862786], [3, 0.7505774764595842], [5, 0.7369869861844718], [4, 0.7162175593635768]]}}}, "normal": {"1946476": {"cycles": {"best_k": 2, "best_silhouette_score": 0.8852053143470071, "other_silhouette_scores": [[2, 0.8852053143470071], [14, 0.7781329537437338], [13, 0.7429538094295315], [12, 0.7152698139475127], [11, 0.6903526209497745], [10, 0.6561010550172578], [9, 0.6544964269594596], [8, 0.6342110588517059], [7, 0.6318546852413821], [3, 0.6266939105424307], [5, 0.6179129896427848], [4, 0.6148710946484961], [6, 0.608248058538578]]}, "instructions": {"best_k": 13, "best_silhouette_score": 0.9928070175438596, "other_silhouette_scores": [[13, 0.9928070175438596], [12, 0.9809649122807017], [11, 0.9743943363138409], [10, 0.9508794785953821], [2, 0.927033105321573], [9, 0.9157994080891397], [8, 0.8320764027871871], [7, 0.769872028645469], [6, 0.7226766172826854], [5, 0.714230635536853], [4, 0.7078852065563634], [3, 0.6988911441533171]]}, "branch": {"best_k": 2, "best_silhouette_score": 0.9166762174860238, "other_silhouette_scores": [[2, 0.9166762174860238], [8, 0.7408206768035891], [7, 0.7316896248512974], [3, 0.6945972695399419], [6, 0.6819651001925152], [5, 0.6563625974896138], [4, 0.6545683175322979]]}}}}